,Username,Account
0,boyfifty_,Razer
1,Twitter,Razer
2,thecodemiko,Razer
3,OnDeck,Razer
4,Enviosity,Razer
5,just9n,Razer
6,Fossil,Razer
7,SmoshIan,Razer
8,Elamite,Razer
9,12am,Razer
10,TwinklyLED,Razer
11,ZLaner,Razer
12,KaleiRenay,Razer
13,Nervarieno,Razer
14,Bebahanofficial,Razer
15,VanessaGilles,Razer
16,GenshinImpact,Razer
17,steinekin,Razer
18,neon__tetra,Razer
19,TSMViss,Razer
20,RealSexyCyborg,Razer
21,vidgamepianist,Razer
22,The8BitDrummer,Razer
23,FamilyJules7x,Razer
24,NortonGaming,Razer
25,ControllerGear,Razer
26,greengoblin,Razer
27,oliviamunn,Razer
28,mayahiga,Razer
29,MSPTNR_Innovate,Razer
30,SimuLiu,Razer
31,NICKMERCS,Razer
32,playnewworld,Razer
33,JeremyStuD,Razer
34,Bosslogic,Razer
35,WhitWolfeHerd,Razer
36,NiceWigg,Razer
37,CLASHwith_SHANE,Razer
38,Panda__M4,Razer
39,patrickvicio,Razer
40,LanPyesports,Razer
41,HaloGear,Razer
42,RazerGoldNA,Razer
43,bumpaah,Razer
44,The_Happy_Hob,Razer
45,mariss,Razer
46,COHDl,Razer
47,SoaRZephy,Razer
48,xmarieangel,Razer
49,yoojpls,Razer
50,Blazt,Razer
51,xUnrational,Razer
52,sparkles_qt,Razer
53,jordy2d_,Razer
54,MarissaRoberto,Razer
55,Vansilli,Razer
56,imAVRL,Razer
57,UberShouts,Razer
58,JawsCasts,Razer
59,WorldsBedford,Razer
60,cammmyd,Razer
61,ProblemWright,Razer
62,Maven,Razer
63,gtez,Razer
64,LotsOfBunnies,Razer
65,LosPollosTV,Razer
66,DiazBiffle,Razer
67,iiTzTimmy,Razer
68,XboxGamePass,Razer
69,XboxGamePassPC,Razer
70,Walshy,Razer
71,HCS,Razer
72,FrostyBB,Razer
73,Str8SicK,Razer
74,Flamesword,Razer
75,AceTv,Razer
76,Lunchbox,Razer
77,boltyboy,Razer
78,halletecco,Razer
79,nickisnpdx,Razer
80,ePatientDave,Razer
81,ahier,Razer
82,kevinmd,Razer
83,JenArnoldMD,Razer
84,RealDoctorMike,Razer
85,dougulman,Razer
86,drsanjaygupta,Razer
87,JJRyanOnAir,Razer
88,JeffGrubb,Razer
89,RichWCampbell,Razer
90,EsfandTV,Razer
91,REALMizkif,Razer
92,NGHTMRE,Razer
93,JVNA,Razer
94,Excision,Razer
95,SlanderOfficial,Razer
96,SAINtJHN,Razer
97,TylaYaweh,Razer
98,DoctorMikeDow,Razer
99,sydsogood,Razer
100,sha77e_r6,Razer
101,raeyei,Razer
102,MichaelPhelps,Razer
103,ZacEfron,Razer
104,MRodOfficial,Razer
105,jackblack,Razer
106,SamuelLJackson,Razer
107,arnettwill,Razer
108,rosariodawson,Razer
109,ZacharyLevi,Razer
110,MatthewPerry,Razer
111,brielarson,Razer
112,kennybeats,Razer
113,DramaKingMatt,Razer
114,NachoCustomz,Razer
115,ChizPlays,Razer
116,SeattleBuiltPCs,Razer
117,Brparadox,Razer
118,Asmongold,Razer
119,OTKnetwork,Razer
120,adinross,Razer
121,Anna_Chess,Razer
122,KurtBenkert,Razer
123,SeltzerPlease,Razer
124,KiXSTArTV,Razer
125,Get_Flanked,Razer
126,SwolfSteins,Razer
127,thecoreross,Razer
128,BascllyHomeless,Razer
129,lofigirl,Razer
130,TikTokInvestors,Razer
131,Shibukaho,Razer
132,hobbittrash,Razer
133,PreachGaming,Razer
134,HisandHersLive,Razer
135,RonnieRadke,Razer
136,travismcelroy,Razer
137,samceeee_,Razer
138,TeddyRecKs,Razer
139,Narodesu,Razer
140,TheStockGuyTV,Razer
141,esports,Razer
142,LeahAshe,Razer
143,CorinnaKopf,Razer
144,MrProblemX,Razer
145,jordancomolli,Razer
146,humanscale,Razer
147,KingJames,Razer
148,joindeepdive,Razer
149,RazerANZ,Razer
150,umesyu_u3,Razer
151,thenoelmiller,Razer
152,Acai28,Razer
153,milesbon,Razer
154,tinydickpolice,Razer
155,jacksfilms,Razer
156,jessjessjessu,Razer
157,HighDistortion,Razer
158,CDNThe3rd,Razer
159,G4TV,Razer
160,sjokz,Razer
161,wroetoshaw,Razer
162,twomad,Razer
163,TroyBakerVA,Razer
164,rolyatistaylor,Razer
165,chrismelberger,Razer
166,NickRTFM,Razer
167,scooterbraun,Razer
168,JakeBaldino,Razer
169,samsheffer,Razer
170,Kahreem_Horsley,Razer
171,elonmusk,Razer
172,airzach,Razer
173,ErikaHarlacher,Razer
174,TheGriffinBurns,Razer
175,Nateooos,Razer
176,RocketBaguette,Razer
177,JohnnyBoi_i,Razer
178,tatis_jr,Razer
179,ItsGaben,Razer
180,pparsons,Razer
181,JimRyanSIE,Razer
182,TimSweeneyEpic,Razer
183,BobbyKotick,Razer
184,MichaelCondrey,Razer
185,DavidVonderhaar,Razer
186,TypicalRBLX,Razer
187,Byooler,Razer
188,KaivaxBlizzard,Razer
189,Silirrion,Razer
190,CameronDayton,Razer
191,realjeffkaplan,Razer
192,sortedfood,Razer
193,EsportsTalkNews,Razer
194,britniTweet,Razer
195,yosoy8a,Razer
196,Slasher,Razer
197,ZelinaVegaWWE,Razer
198,iamjessicahall,Razer
199,AliAbdaal,Razer
200,JayMewes,Razer
201,rillotv,Razer
202,Nemz38,Razer
203,Clubhouse,Razer
204,unge,Razer
205,FarodGames,Razer
206,Yankeeunit91,Razer
207,EvilAFM,Razer
208,LudwigAhgren,Razer
209,Askyyy5,Razer
210,Nokokopuffs,Razer
211,GeeSicee,Razer
212,DarkViperAU,Razer
213,OGSquilla,Razer
214,fruityl0l,Razer
215,TorsosRL,Razer
216,Yukeo,Razer
217,yoboyRoyGaming,Razer
218,TubboLive,Razer
219,alexandravbotez,Razer
220,TomFelton,Razer
221,GiGiHadid,Razer
222,rainnwilson,Razer
223,doahnel,Razer
224,TheSellSquad,Razer
225,JDeviseFB,Razer
226,RazerES,Razer
227,RazerFrance,Razer
228,RazerMENA,Razer
229,MagnusCarlsen,Razer
230,vivadirt,Razer
231,AngryJoeShow,Razer
232,Dopatwo,Razer
233,HYPEBEAST,Razer
234,windowscentral,Razer
235,seagategaming,Razer
236,Scoped,Razer
237,Snayzyy,Razer
238,Scomo843,Razer
239,queensgg,Razer
240,Charalanahzard,Razer
241,CyberpunkGame,Razer
242,neymarjr,Razer
243,DucatiMotor,Razer
244,shikixo_,Razer
245,EA,Razer
246,MartinWongPhoto,Razer
247,HermanLi,Razer
248,SUP3RSoN1K,Razer
249,LeTigress,Razer
250,Brav,Razer
251,TheWarOwl,Razer
252,Gorgc,Razer
253,baianolol1,Razer
254,keiozinn,Razer
255,mylonzete,Razer
256,Martinpdisalvo,Razer
257,Sackzi,Razer
258,iGeStarK,Razer
259,AmarCoDTV,Razer
260,jeremiahfraites,Razer
261,ManTelHD,Razer
262,Melipastel1,Razer
263,njbmartin,Razer
264,pentaraggare,Razer
265,Logdotzip,Razer
266,ChapixFN,Razer
267,FallGuysGame,Razer
268,JakeSucky,Razer
269,lMAngelikaa,Razer
270,AllcraftShow,Razer
271,Dutygameplays,Razer
272,blakeps,Razer
273,MeganA_mma,Razer
274,iTempp,Razer
275,Aspen_OW,Razer
276,EightBitBlonde,Razer
277,INCBUSTV,Razer
278,ashmonsterftw,Razer
279,flikk,Razer
280,UnknownxEth,Razer
281,G2LeTsHe,Razer
282,SupremeDreams_1,Razer
283,Wipz,Razer
284,Sceptic,Razer
285,KITKATGaming,Razer
286,Sneaky,Razer
287,Byzic,Razer
288,P4wnyhof,Razer
289,YourFellowArab,Razer
290,Zedar_yt,Razer
291,Philb_5,Razer
292,youngwhiteside,Razer
293,kylejguy,Razer
294,BeMore27,Razer
295,mikal_bridges,Razer
296,The_ColeAnthony,Razer
297,TylerTeeP,Razer
298,dignitas,Razer
299,khangtthai,Razer
300,FacebookGaming,Razer
301,Tommey,Razer
302,SuperEvan__,Razer
303,TheMacroShow,Razer
304,draynilla,Razer
305,ImMadnessTV,Razer
306,daltoosh,Razer
307,Kami_katze7,Razer
308,RainwayApp,Razer
309,michelemorrow,Razer
310,Veroxuk,Razer
311,taysonFN,Razer
312,Myth_,Razer
313,StoneDYooDa,Razer
314,bugha,Razer
315,Reverse2k,Razer
316,Juumerica,Razer
317,coL_Punisher,Razer
318,TheGahbi,Razer
319,yungcalc,Razer
320,ChapFN,Razer
321,Clix,Razer
322,Poach,Razer
323,cizzorz,Razer
324,dakotaz,Razer
325,aceu,Razer
326,loltyler1,Razer
327,Mongraal,Razer
328,AlyskaPlays,Razer
329,TheStrangeRebel,Razer
330,ItsBrianaWhite,Razer
331,A_dmg04,Razer
332,UBlockeley,Razer
333,HusKerrs,Razer
334,aydan,Razer
335,HeyStani,Razer
336,FixxYT,Razer
337,Snoxh,Razer
338,EmpershaoEsp,Razer
339,ItsVicens,Razer
340,Of_Zenon,Razer
341,graceleecho,Razer
342,BasicallyIDoWrk,Razer
343,KarlTowns,Razer
344,BenSimmons25,Razer
345,mcuban,Razer
346,kevinolearytv,Razer
347,Maisie_Williams,Razer
348,AviSchiffmann,Razer
349,FedEx,Razer
350,wick_22,Razer
351,DevinBook,Razer
352,Dsabonis11,Razer
353,DeandreAyton,Razer
354,boogiecousins,Razer
355,rui_8mura,Razer
356,TheRea1DJones,Razer
357,hbarnes,Razer
358,henrygolding,Razer
359,totheLaPointe,Razer
360,joebryan,Razer
361,DomsWildThings,Razer
362,wesley__burns,Razer
363,jfordrob,Razer
364,BinghamBaller9,Razer
365,feliciaday,Razer
366,maudegarrett,Razer
367,KaraCorvus,Razer
368,J_Allgaier,Razer
369,Cli5hy,Razer
370,luka7doncic,Razer
371,ProSettings,Razer
372,FaZeBizzle,Razer
373,SnoodFN,Razer
374,PlayVALORANT,Razer
375,ladygaga,Razer
376,pipelinegg,Razer
377,KygoMusic,Razer
378,NVIDIAGFN,Razer
379,DillonFrancis,Razer
380,diplo,Razer
381,JoinSuperLeague,Razer
382,TaikaWaititi,Razer
383,QuisCasts,Razer
384,TaliaMar,Razer
385,thelumineers,Razer
386,VSGamingUSA,Razer
387,Pringles,Razer
388,xQc,Razer
389,MrBeast,Razer
390,BCRFcure,Razer
391,NoisyButters,Razer
392,TheSims,Razer
393,WiredP,Razer
394,lindsywood7,Razer
395,Tfue,Razer
396,SMii7Y,Razer
397,iFooYa,Razer
398,Wowhead,Razer
399,Remnant_Game,Razer
400,MissGinaDarling,Razer
401,ShipStreaming,Razer
402,robeytech,Razer
403,BobDuckNWeave,Razer
404,GraysonJAllen,Razer
405,sweetanita,Razer
406,GatenM123,Razer
407,TACOCS,Razer
408,JonnyCruzzz,Razer
409,Bennybroflex,Razer
410,Loeya,Razer
411,RealFPJr,Razer
412,STPeach,Razer
413,IamTrevorMay,Razer
414,PlayWarframe,Razer
415,DougisRaw,Razer
416,alanzoka,Razer
417,SypherPK,Razer
418,cloakzy,Razer
419,TannerSlays,Razer
420,zayt,Razer
421,Symfuhny,Razer
422,MrSavage,Razer
423,KingRichard,Razer
424,Ska,Razer
425,benjyfishy,Razer
426,dizzy,Razer
427,NickEh30,Razer
428,tnitsuj_,Razer
429,PaladinAmber,Razer
430,Eugenia_Cooney,Razer
431,respawnbyrazer,Razer
432,MLGPuckett,Razer
433,TINARAES,Razer
434,KayPea,Razer
435,WithZack,Razer
436,yuuietv,Razer
437,Siefe,Razer
438,CouRageJD,Razer
439,theAllianceGG,Razer
440,Pokket,Razer
441,RossButler,Razer
442,shahin,Razer
443,PlayApex,Razer
444,JesseCox,Razer
445,PedroPCMR,Razer
446,offcast,Razer
447,therealcliffyb,Razer
448,netflix,Razer
449,verenamei,Razer
450,Battlerite,Razer
451,austinnotduncan,Razer
452,thisiscomix,Razer
453,SvenvandeWege,Razer
454,PCBuildingSim,Razer
455,souljaboy,Razer
456,esportsawards,Razer
457,UnderTale,Razer
458,NintendoAmerica,Razer
459,freeohyea,Razer
460,ahcraaaap,Razer
461,GaladonGaming,Razer
462,Tranium,Razer
463,TheAhrora,Razer
464,iCrazyTeddy,Razer
465,Sniping_Soup,Razer
466,Sharpp,Razer
467,KOSDFF,Razer
468,WhosChaos,Razer
469,Crispy,Razer
470,ArazhulHD,Razer
471,Lazarbeam,Razer
472,VanossGaming,Razer
473,TheAndyCortez,Razer
474,GearsofWar,Razer
475,NeverwinterGame,Razer
476,Ibra_official,Razer
477,ORIGINPC,Razer
478,DiGiorno,Razer
479,Jonezayy,Razer
480,LuclinFTW,Razer
481,WatchMixer,Razer
482,Team17,Razer
483,murdabeatz,Razer
484,SonnyDigital,Razer
485,odesza,Razer
486,HAMMERSKIMA,Razer
487,Armajet,Razer
488,CODLeague,Razer
489,SuniDey,Razer
490,TribeGaming,Razer
491,superiorcoins,Razer
492,Rogue,Razer
493,Electra,Razer
494,itssky,Razer
495,maximilian_,Razer
496,madeyewlook,Razer
497,CannibalQueen21,Razer
498,jaywilk,Razer
499,GennaBain,Razer
500,Focus_entmt,Razer
501,VampyrGame,Razer
502,InsurgencyGame,Razer
503,KennyOmegamanX,Razer
504,BryanDechart,Razer
505,craymusic,Razer
506,_cuppcaake,Razer
507,TeamVitality,Razer
508,LAValiant,Razer
509,SchviftyFive,Razer
510,100Thieves,Razer
511,dele_official,Razer
512,rudeism,Razer
513,marshmellomusic,Razer
514,MrGrimmmmz,Razer
515,KingBach,Razer
516,SeaOfThieves,Razer
517,xChocoBars,Razer
518,DrLupo,Razer
519,Valkyrae,Razer
520,TEKKEN,Razer
521,thomaspower,Razer
522,DavePollotArt,Razer
523,Xaryu,Razer
524,h3h3productions,Razer
525,HayliNic,Razer
526,ClashRoyale,Razer
527,TeamQuesoGG,Razer
528,JustRojas,Razer
529,TeamJuJu,Razer
530,trvisXX,Razer
531,Drake,Razer
532,Ninja,Razer
533,apotatomaybe2,Razer
534,saintpiercing,Razer
535,kuraine,Razer
536,jwhdavison,Razer
537,BondHunterBond,Razer
538,VancityReynolds,Razer
539,GenG,Razer
540,SeoulDynasty,Razer
541,tinysnekcomics,Razer
542,videobrojima,Razer
543,AlSParis,Razer
544,unheardwolfcry,Razer
545,garyvee,Razer
546,dorrismccomics,Razer
547,rickyberwick,Razer
548,chrispinedahtx,Razer
549,noobde,Razer
550,konjak,Razer
551,nitrofun,Razer
552,9spokes,Razer
553,akira_nvrsuc,Razer
554,EDG_Edward,Razer
555,AndersonPaak,Razer
556,vainglory,Razer
557,discord,Razer
558,rebeccasugar,Razer
559,ThreeUK,Razer
560,overwatchleague,Razer
561,MACHINEgg,Razer
562,ArenaofValor,Razer
563,gamingbible,Razer
564,adidasUS,Razer
565,PostMalone,Razer
566,basscornbread,Razer
567,OrangeJuice,Razer
568,ChiefPat,Razer
569,MsVixen,Razer
570,RdotChadha,Razer
571,nickatnyteYT,Razer
572,MOLT_YT,Razer
573,songbirdGG,Razer
574,HyperPotions,Razer
575,tokyomachine,Razer
576,TheBriarRabbit,Razer
577,ARTJUNKIETOKYO,Razer
578,wex1200,Razer
579,NigmaMiracle,Razer
580,RubyEclipse,Razer
581,PagodaWestGames,Razer
582,SquanchGames,Razer
583,LUCKYY10P,Razer
584,TheRock,Razer
585,JustinMcElroy,Razer
586,DrDisrespect,Razer
587,isaiahxavier10,Razer
588,zachking,Razer
589,DisguisedToast,Razer
590,SKGaming,Razer
591,A_Seagull,Razer
592,TheVampsCon,Razer
593,MrFruitYT,Razer
594,GCXEvent,Razer
595,teft,Razer
596,day9tv,Razer
597,AJ3,Razer
598,GernaderJake,Razer
599,TerraMantis,Razer
600,Ramez05,Razer
601,UnboxTherapy,Razer
602,ohnickel,Razer
603,tripleWRECK,Razer
604,LacedUpLauren,Razer
605,PUBG,Razer
606,DestinyTheGame,Razer
607,Bungie,Razer
608,eddythechump,Razer
609,xFREEEDO,Razer
610,TheLegalWeagal,Razer
611,randomfrankp,Razer
612,dbrand,Razer
613,Dave2D,Razer
614,RocketJumpNinja,Razer
615,JoySakurai,Razer
616,BazzaGazza,Razer
617,Tyr0din,Razer
618,HammehLore,Razer
619,muselk,Razer
620,muselk,Razer
621,CdNLeon,Razer
622,rocketjumptweet,Razer
623,HitscanYT,Razer
624,Stylosa,Razer
625,BottleLogicBrew,Razer
626,PlayBreakaway,Razer
627,YourOverwatchYT,Razer
628,MOONMOON_OW,Razer
629,VampyBitme,Razer
630,UrAvgConsumer,Razer
631,AmazingPhil,Razer
632,danielhowell,Razer
633,seeson,Razer
634,htcgaming,Razer
635,yammy_xox,Razer
636,MKBHD,Razer
637,TriumphArts,Razer
638,nanoleaf,Razer
639,vgdunkey,Razer
640,Co_Mill,Razer
641,TimGettys,Razer
642,WormsTeam17,Razer
643,Haywyremusic,Razer
644,muyskerm,Razer
645,TwitchEsports,Razer
646,nextbitsys,Razer
647,majornelson,Razer
648,BethFreemanArt,Razer
649,FuntCaseUK,Razer
650,elkypoker,Razer
651,Jauzofficial,Razer
652,CordyPatrick,Razer
653,MatPatGT,Razer
654,RazerGermany,Razer
655,JustinRoiland,Razer
656,Microsoft,Razer
657,RealKraftyy,Razer
658,phantomsfx,Razer
659,JustJamieHDG,Razer
660,MarkMan23,Razer
661,goodtimesahead,Razer
662,unknownplayer03,Razer
663,nKuchGaming,Razer
664,MTashed,Razer
665,GeekandSundry,Razer
666,KindaFunnyVids,Razer
667,ChipotleTweets,Razer
668,Ethieen,Razer
669,T1LoL,Razer
670,Holtzmann,Razer
671,PlayStationEU,Razer
672,PlayStation,Razer
673,TinaNarvaezJr,Razer
674,Rubiu5,Razer
675,Clayster,Razer
676,AMDGaming,Razer
677,ElementalKnives,Razer
678,THX,Razer
679,ZachWigal,Razer
680,MetroBoomin,Razer
681,xdannyxbrownx,Razer
682,Ms5000Watts,Razer
683,ChaBoyyHD,Razer
684,DattosDestiny,Razer
685,AurumEffects,Razer
686,antec,Razer
687,maingear,Razer
688,pax,Razer
689,rodvelloso,Razer
690,Halo,Razer
691,Gerritzen,Razer
692,EsportsArena,Razer
693,RLEsports,Razer
694,hellogames,Razer
695,Grievesmusic,Razer
696,GameOverGreggy,Razer
697,BWWings,Razer
698,adamkovic,Razer
699,RickMalambri,Razer
700,nuggoz,Razer
701,GoCatchEm,Razer
702,terrycrews,Razer
703,NianticLabs,Razer
704,anomalyxd,Razer
705,TeamDragonLens,Razer
706,rhymesayers,Razer
707,DotaCinema,Razer
708,OfficialPCMR,Razer
709,First4Figures,Razer
710,vegetta777,Razer
711,TMobile,Razer
712,beGeniusESC,Razer
713,ePunksGG,Razer
714,VaKarM_net,Razer
715,DeusEx,Razer
716,MightyMouse,Razer
717,sonic_hedgehog,Razer
718,Casey,Razer
719,SquareEnix,Razer
720,MrRoflWaffles,Razer
721,TacoMentalG4L,Razer
722,AustinCreedWins,Razer
723,RahulKohli13,Razer
724,utgame,Razer
725,tacobell,Razer
726,steveaoki,Razer
727,maddoxrules,Razer
728,Brofresco,Razer
729,TPAIN,Razer
730,jerryferrara,Razer
731,xSqueeZie,Razer
732,YoMax38,Razer
733,ProjectTriForce,Razer
734,NECA_TOYS,Razer
735,MyNameIsByf,Razer
736,maikelele,Razer
737,SkyWilliams,Razer
738,Castro1021,Razer
739,IGFestUK,Razer
740,witwix,Razer
741,3BLACKDOT,Razer
742,Radeon,Razer
743,AMD,Razer
744,OpTicMaNiaC,Razer
745,FemSteph,Razer
746,SilentDroidd,Razer
747,Janina,Razer
748,AnthonyKongphan,Razer
749,Peeverson,Razer
750,OroboroTV,Razer
751,Lobosjrgaming,Razer
752,LootGamingHQ,Razer
753,Caspar_Lee,Razer
754,Shonduras,Razer
755,LenovoLegion,Razer
756,hexytv,Razer
757,oneplus,Razer
758,IamKrisLondon,Razer
759,KevinLaSean,Razer
760,MoreConsole,Razer
761,pcgamer,Razer
762,SunlightBlade,Razer
763,VaatiVidya,Razer
764,RazerGameStore,Razer
765,OpTicHazard,Razer
766,YannSalsedo,Razer
767,TwitterGaming,Razer
768,TheTeawrex,Razer
769,RickandMorty,Razer
770,TheGrefg,Razer
771,Mae,Razer
772,dedreviil,Razer
773,_CaRtOoNz,Razer
774,PCMag,Razer
775,collectsideshow,Razer
776,gordonhayward,Razer
777,DKarma,Razer
778,MrWillya,Razer
779,KevLovesBacon,Razer
780,PerfectLegend,Razer
781,INFILTRATION85,Razer
782,TheHaleyBaby,Razer
783,CLG_HotshotGG,Razer
784,Imaqtpielol,Razer
785,seangares,Razer
786,Strippin,Razer
787,TheBrandonBowen,Razer
788,Lenovo,Razer
789,LifeOfTom,Razer
790,aaroncarter,Razer
791,Rampage4real,Razer
792,ESL,Razer
793,QNGaming,Razer
794,Sips_,Razer
795,Censor,Razer
796,LiquidNazgul,Razer
797,Newegg,Razer
798,itshafu,Razer
799,Battleborn,Razer
800,Blizzard_Ent,Razer
801,iJukeBox360,Razer
802,bysTaXx,Razer
803,Gothalion,Razer
804,Professorbroman,Razer
805,ROS5IHD,Razer
806,SmasherNetwork,Razer
807,AbiosGaming,Razer
808,MetalGearOnline,Razer
809,RickyLumpkin,Razer
810,nmplol,Razer
811,TwitchCon,Razer
812,aureylian,Razer
813,Crudes,Razer
814,imparrisg,Razer
815,DarkGenex,Razer
816,LinzTwitch,Razer
817,Bazonka,Razer
818,imcoty,Razer
819,The_Chief1114,Razer
820,AmeliaTalon,Razer
821,Mrhappy1227,Razer
822,Konami,Razer
823,Windows,Razer
824,nvidia,Razer
825,xsplit,Razer
826,Forbes,Razer
827,GoldenboyFTW,Razer
828,ZOWIEbyBenQUSA,Razer
829,JustinWong,Razer
830,fl0mtv,Razer
831,CallofDuty,Razer
832,ashlili,Razer
833,Crimsix,Razer
834,PlayJustSurvive,Razer
835,Entrepreneur,Razer
836,LaserCorn,Razer
837,FLitz,Razer
838,Sohinki,Razer
839,TheJovenshire,Razer
840,Lassiz4,Razer
841,Dinglederper,Razer
842,Pala,Razer
843,DaithiDeNogla,Razer
844,MiDNiTEMN,Razer
845,rechyyy,Razer
846,Cowsep,Razer
847,playouya,Razer
848,GilbyRanger,Razer
849,DanNerdCubed,Razer
850,llRicoSuavell,Razer
851,DarkSoulsGame,Razer
852,Logic301,Razer
853,RocketLeague,Razer
854,JeIIy,Razer
855,FaZeLinkzy,Razer
856,paradisojm,Razer
857,Strawburry17,Razer
858,TeamGatesNA,Razer
859,waglington,Razer
860,AnneMunition,Razer
861,benandjerrys,Razer
862,feedme,Razer
863,Xodaaaa,Razer
864,Imaginedragons,Razer
865,RoyleBuffDaddy,Razer
866,Terroriser,Razer
867,lootcrate,Razer
868,YouTubeGaming,Razer
869,SombreroGG,Razer
870,YouTubeCreators,Razer
871,YouTube,Razer
872,FaZeBlaze,Razer
873,MrDalekJD,Razer
874,ZwebackHD,Razer
875,TheCampingRush,Razer
876,Itani,Razer
877,Carllamaa,Razer
878,FaZeJinx,Razer
879,ImmortalHD,Razer
880,FaZeRug,Razer
881,M3RKMUS1C,Razer
882,iHasCupquake,Razer
883,AtlanticCraft,Razer
884,LevelCapGaming,Razer
885,MattHDGamer,Razer
886,hastr0,Razer
887,MortalKombat,Razer
888,JoshOG,Razer
889,TofuCello,Razer
890,E3,Razer
891,iBallisticSquid,Razer
892,YogscastSjin,Razer
893,MLG,Razer
894,RichardHammerTV,Razer
895,BallsOfSteelTV,Razer
896,XianMSG,Razer
897,DanielGow,Razer
898,ChrissyCostanza,Razer
899,JDDell15,Razer
900,LowcoTV,Razer
901,Tobjizzle,Razer
902,richhomiecoan,Razer
903,PrestigeIsKey,Razer
904,Gordox,Razer
905,Chen,Razer
906,LinusTech,Razer
907,TheRealRyanHiga,Razer
908,Barnacules,Razer
909,NoahJ456,Razer
910,MrBossFTW,Razer
911,kaceytron,Razer
912,MooSnuckel,Razer
913,kumailn,Razer
914,SoaRGaming,Razer
915,assassinscreed,Razer
916,Qualcomm,Razer
917,intel,Razer
918,XboxP3,Razer
919,TheGamingLemon,Razer
920,alsmiffy,Razer
921,FunhausTeam,Razer
922,GameSpot,Razer
923,engadget,Razer
924,Kotaku,Razer
925,NodeStudios,Razer
926,dizzykitten7,Razer
927,PapaJakeTE,Razer
928,actionjaxon,Razer
929,FaZeAdapt,Razer
930,mindofmagoo,Razer
931,Aeolus,Razer
932,FuturemanGaming,Razer
933,JohnScarce,Razer
934,MANvsGAME,Razer
935,TeamTangent,Razer
936,summit1g,Razer
937,BaconDonutTV,Razer
938,Sacriel,Razer
939,AvaGG,Razer
940,itmeJP,Razer
941,Hiko,Razer
942,GlenSchofield,Razer
943,PhantomL0rd,Razer
944,JoblessGarrett,Razer
945,Apathy_BZ,Razer
946,I_AM_WILDCAT,Razer
947,VernNotice,Razer
948,Xyanyde,Razer
949,ItsTeriyaki,Razer
950,Warcraftjen,Razer
951,PsiSyn,Razer
952,ThatDadGeo,Razer
953,BikeMan,Razer
954,Ezekiel_III,Razer
955,DyingLightGame,Razer
956,Dyro,Razer
957,sssniperwolf,Razer
958,HikeTheGamer,Razer
959,Nordavindgg,Razer
960,Teeqo,Razer
961,AnilBrancaleoni,Razer
962,aboutrc,Razer
963,Jacksepticeye,Razer
964,OpenSource_VR,Razer
965,Agony,Razer
966,MiniLaddd,Razer
967,StoneBrewing,Razer
968,makz,Razer
969,GUNNAROptiks,Razer
970,Youtubable,Razer
971,KittyPlays,Razer
972,CooLifeGame,Razer
973,AkinolaGG,Razer
974,sWooZ1e,Razer
975,FaZeJev,Razer
976,missrage,Razer
977,GiantWaffle,Razer
978,LIRIK,Razer
979,Dansgaming,Razer
980,CobaltStreak,Razer
981,kurtjmac,Razer
982,JayzTwoCents,Razer
983,Nightbloo,Razer
984,BoxBox,Razer
985,cdew_wow,Razer
986,WowKungen,Razer
987,NZXT,Razer
988,FaZeBloo,Razer
989,PlayOverwatch,Razer
990,IAmSp00n,Razer
991,Formula,Razer
992,FaZeSwan,Razer
993,Zedd,Razer
994,Trick2g,Razer
995,LuiCalibre,Razer
996,Temperrr,Razer
997,VGHS,Razer
998,Xobe,Razer
999,FaZeClan,Razer
1000,FaZeAli,Razer
1001,Banks,Razer
1002,FaZeNikan,Razer
1003,JPEX,Razer
1004,General,Razer
1005,SyndicateOG,Razer
1006,tlemco,Razer
1007,Fakie,Razer
1008,ObeyAlliance,Razer
1009,ZeRoyalViking,Razer
1010,NAMELESS,Razer
1011,Shane,Razer
1012,andymilonakis,Razer
1013,GameGrumps,Razer
1014,cinnamontoastk,Razer
1015,Drift0r,Razer
1016,Utorak007,Razer
1017,Orb,Razer
1018,SwiftyiRL,Razer
1019,egoraptor,Razer
1020,l3pje,Razer
1021,RazerSupport,Razer
1022,GermanGarmendia,Razer
1023,Xbox,Razer
1024,FF_XIV_EN,Razer
1025,hotted89,Razer
1026,NajJeter,Razer
1027,PamelaHorton13,Razer
1028,EricBaudour,Razer
1029,TradeChat,Razer
1030,DreamHack,Razer
1031,gglindsayelyse,Razer
1032,GoldenBlackHawk,Razer
1033,instalok_tony,Razer
1034,deadmau5,Razer
1035,SUKnives,Razer
1036,Sodapoppintv,Razer
1037,instalok_chris,Razer
1038,cwgabriel,Razer
1039,Anklespankin,Razer
1040,JeffFriedl,Razer
1041,chandlerriggs,Razer
1042,Michael5SOS,Razer
1043,lunityy,Razer
1044,Protostar,Razer
1045,Greenskull,Razer
1046,EllohimeTwitch,Razer
1047,d4zzlar,Razer
1048,2MGoverCsquared,Razer
1049,markiplier,Razer
1050,DreamHackCSGO,Razer
1051,LDShadowLady,Razer
1052,timthetatman,Razer
1053,Kwebbelkop,Razer
1054,OMGitsfirefoxx,Razer
1055,Cohhilition,Razer
1056,thinkgeek,Razer
1057,elgato,Razer
1058,Eat24,Razer
1059,BandaiNamcoUS,Razer
1060,dantdm,Razer
1061,orjan,Razer
1062,Nick_Haywood,Razer
1063,Kappische,Razer
1064,renee,Razer
1065,Diablo,Razer
1066,CohhCarnage,Razer
1067,JKartje,Razer
1068,SavetheChildren,Razer
1069,itsjetset,Razer
1070,PandaTVoce,Razer
1071,Borgore,Razer
1072,Fluxpavilion,Razer
1073,BlizzHeroes,Razer
1074,itsDanBull,Razer
1075,DXRacer,Razer
1076,Meekelangelo,Razer
1077,Juicetra,Razer
1078,miniminter,Razer
1079,Jannnparis,Razer
1080,Jannnparis,Razer
1081,MoldranTV,Razer
1082,JasonBradbury,Razer
1083,LachlanYT,Razer
1084,koenigsegg,Razer
1085,TrumpSC,Razer
1086,JamesKingst0n,Razer
1087,FaZe_Rain,Razer
1088,FaZeApex,Razer
1089,TempoReynad,Razer
1090,Boogie2988,Razer
1091,CavemanFilms,Razer
1092,AtomicMari,Razer
1093,UberHaxorNova,Razer
1094,tomschaar,Razer
1095,MelonieMac,Razer
1096,IGN,Razer
1097,TeamFarang,Razer
1098,megturney,Razer
1099,Kross,Razer
1100,DrumsyOfficial,Razer
1101,Monstercat,Razer
1102,SirhcEz,Razer
1103,BossNobody,Razer
1104,ZerkaaHD,Razer
1105,FuriousPete,Razer
1106,Scottjorgensen,Razer
1107,PugetSystems,Razer
1108,JLin7,Razer
1109,CorridorDigital,Razer
1110,redmercy,Razer
1111,ErnestLe,Razer
1112,TypicalGamer,Razer
1113,xRpMx13,Razer
1114,DwightHoward,Razer
1115,AshleeeyMaarie,Razer
1116,afrojack,Razer
1117,TheOfficialA7X,Razer
1118,BrandonJLa,Razer
1119,SivHDtweets,Razer
1120,Instalokk,Razer
1121,RayNarvaezJr,Razer
1122,_mcuniverse_,Razer
1123,Smallishbeans,Razer
1124,Warcraft,Razer
1125,Pamaj,Razer
1126,worldoftanks,Razer
1127,PlayHearthstone,Razer
1128,MacsHG,Razer
1129,mrEricHernandez,Razer
1130,DOTA2,Razer
1131,joerogan,Razer
1132,OriginalFunko,Razer
1133,devolverdigital,Razer
1134,JeromeASF,Razer
1135,NetNobody,Razer
1136,Old_deadlox,Razer
1137,towelthetank,Razer
1138,MC_Finest,Razer
1139,SmoshGames,Razer
1140,bodil40,Razer
1141,doq,Razer
1142,abdine,Razer
1143,AchievementHunt,Razer
1144,GeoffLRamsey,Razer
1145,GavinFree,Razer
1146,bdunkelman,Razer
1147,burnie,Razer
1148,sorola,Razer
1149,Bajan_Canadian,Razer
1150,RTXEvent,Razer
1151,gosugame,Razer
1152,LunarLouvre,Razer
1153,PhillyD,Razer
1154,tejbz,Razer
1155,MonsterGaming,Razer
1156,Di3seL_,Razer
1157,Twitch,Razer
1158,H3CZ,Razer
1159,jack_p,Razer
1160,M49NuM_357,Razer
1161,Preston,Razer
1162,AntVenom,Razer
1163,TychoBrahe,Razer
1164,GassyMexican,Razer
1165,Sp00nerism,Razer
1166,ChampChong,Razer
1167,ChilledChaos,Razer
1168,KristianNairn,Razer
1169,xJawz,Razer
1170,JessicaNigri,Razer
1171,EvilGeniuses,Razer
1172,candyslexia,Razer
1173,GhostStoryGames,Razer
1174,Vikkstar123,Razer
1175,Totalbiscuit,Razer
1176,RazerBrazil,Razer
1177,ChrisArchieRS,Razer
1178,CaptainSparklez,Razer
1179,IntelGaming,Razer
1180,AlodiaAlmira,Razer
1181,EpicMealTime,Razer
1182,NVIDIAGeForce,Razer
1183,hanwei86,Razer
1184,TEAMEVGA,Razer
1185,BebopVox,Razer
1186,InTheLittleWood,Razer
1187,verified,Razer
1188,Crysis,Razer
1189,StarCraft,Razer
1190,lolesports,Razer
1191,Nadeshot,Razer
1192,Hogman,Razer
1193,wow_hobbs,Razer
1194,BajheeraWoW,Razer
1195,wannlund,Razer
1196,Diction,Razer
1197,RoosterTeeth,Razer
1198,Callux,Razer
1199,Calfreezy,Razer
1200,GoldGloveTV,Razer
1201,TmarTn,Razer
1202,LeagueOfLegends,Razer
1203,TheAieron,Razer
1204,ijustine,Razer
1205,Whiteboy7thst,Razer
1206,C418,Razer
1207,JERICHO,Razer
1208,Mojang,Razer
1209,AtheneLOL,Razer
1210,tedfu,Razer
1211,TobyTurner,Razer
1212,HarleyPlays,Razer
1213,wongfupro,Razer
1214,reese015,Razer
1215,notch,Razer
1216,ocremix,Razer
1217,GarrettHunter,Razer
1218,shhhua,Razer
1219,mega64,Razer
1220,eonkey,Razer
1221,masseffect,Razer
1222,hat_films,Razer
1223,TeamRazer,Razer
1224,Fwiz,Razer
1225,Muzzafuzza,Razer
1226,Syndicate,Razer
1227,Husky,Razer
1228,SeaNanners,Razer
1229,hutchinson,Razer
1230,OMGitsAliA,Razer
1231,Ephixa,Razer
1232,TeamLiquid,Razer
1233,fwong,Razer
1234,Battlefield,Razer
1235,RazerJP,Razer
1236,clgaming,Razer
1237,Steam,Razer
1238,arCtyC,Razer
1239,TLnet,Razer
1240,RotterdaM08,Razer
1241,RazerStore,Razer
1242,minliangtan,Razer
